linkid,06:00,06:05,06:10,06:15,06:20,06:25,06:30,06:35,06:40,06:45,06:50,06:55,07:00,07:05,07:10,07:15,07:20,07:25,07:30,07:35,07:40,07:45,07:50,07:55,08:00,08:05,08:10,08:15,08:20,08:25,08:30,08:35,08:40,08:45,08:50,08:55,09:00,09:05,09:10,09:15,09:20,09:25,09:30,09:35,09:40,09:45,09:50,09:55,10:00,10:05,10:10,10:15,10:20,10:25,10:30,10:35,10:40,10:45,10:50,10:55,11:00,11:05,11:10,11:15,11:20,11:25,11:30,11:35,11:40,11:45,11:50,11:55
0,73.6304347826086,68.2803625377643,74.8961797752808,66.8641638225255,73.4159383033419,43.8818181818181,68.5119358074222,59.9765281173594,68.2081023454157,68.3227651966626,64.2778625954198,49.7493243243243,62.7774193548386,61.9253234750462,49.393410507569,53.0779616148246,45.2812749003984,64.3691987513007,47.0381374722838,25.2425349087003,24.4807121661721,32.6585635359116,31.5160284951024,42.6857142857142,24.4043715846994,20.54272,30.0300224047796,37.7835616438356,60.9827737226277,52.2849279161205,48.2842998585572,35.967987065481,13.1971401334604,77.9243697478991,39.7920239282153,61.7806451612903,44.6127596439169,48.0865704772475,49.8420168067226,71.3671469740634,47.0954504906333,62.7524079320113,42.3813918868626,55.1294434470377,30.6778651685393,41.1888911088911,35.3882970742685,14.23391521197,60.4611211573237,28.1437100213219,40.3906771010547,37.2445131375579,38.1617021276595,43.7981673793524,29.9238368753589,50.3185125303152,37.05,57.1151020408163,49.1551401869158,32.4515354421611,36.7842610364683,45.9243243243243,36.4493417844953,36.7358686257562,41.0597560975609,41.7490808823529,57.8544459644322,25.9848112575385,52.3554702495201,66.6521379310344,58.4781097984711,56.7302180685358
1,71.1631578947368,71.0545454545454,74.1627906976744,66.9442006269592,72.2686567164179,67.5090543259557,68.5872,66.8262032085561,69.0013544018058,69.3924812030075,67.3064846416382,69.7923344947735,63.8341463414634,64.2735042735042,59.4385714285714,52.1417565485362,58.1749049429657,59.2636663007683,61.4312450436161,40.7781818181818,60.6162162162162,68.112,48.7593533487297,65.6282208588957,45.1538461538461,51.138202247191,52.3819407008086,59.9310839913854,62.0336842105263,61.9341330425299,64.8979942693409,23.7180747223157,57.0,63.2903225806451,58.3390029325513,59.6662379421221,57.1563636363636,64.5338312173263,64.55,62.152606635071,58.7963963963963,53.5012370113805,45.8063057703747,44.1481283422459,63.4164705882352,54.0286038592508,62.8077375946173,52.3363214837712,55.0999332888592,52.6365622723962,58.0564981949458,43.4978417266187,49.3864462809917,39.1838150289017,57.604609475032,57.2226880394574,56.137808219178,50.4198895027624,54.3787418655097,53.1181208053691,54.4557939914163,58.073955352032,42.4267053701015,56.9221684414327,57.7452137266706,61.5862068965517,60.9607250755286,61.8938053097345,46.2502463054187,64.08,55.0824925816023,56.0324607329842
2,72.8761904761904,68.2243902439024,69.554716981132,67.7596153846153,70.3698113207547,57.1855855855855,69.3094295692665,69.9876726886291,67.6832095096582,67.7979310344827,66.3766816143497,61.9493670886076,64.2623376623376,50.1216867469879,52.1776744186046,35.9937136204889,46.3128712871287,52.9240099009901,56.6718535469107,31.8535714285714,55.0479297365119,48.3584,47.6089887640449,45.6273615635179,39.0972453555413,51.5242622950819,50.7413958444326,54.055469953775,55.213856812933,50.5952153110047,43.0678125,38.4105726872246,40.4340140609306,34.1121951219512,49.5374838986689,35.5774736842105,55.5709692237023,57.2326944757609,49.3296506904955,52.4382477626001,46.821505376344,42.0063241106719,40.5601513240857,51.9998227735932,48.8940644431882,48.5120860927152,49.7203738317756,42.3544303797468,40.7622237106497,41.5385923476617,47.164735158194,37.9537366548042,36.8031311154598,40.4018433179723,49.1368059530623,44.1285714285714,43.9597446488922,43.499747687132,40.0857236197321,43.9208863356585,41.5555016671718,42.9787709497206,35.6126357354392,49.6864010536713,51.8023014959723,57.3249714937286,36.6117896972915,52.8733054393305,51.3808219178082,55.1436241610738,48.122505800464,52.6211239537664
3,74.1920792079207,73.1007194244604,67.0200927357032,72.429799426934,71.1759849906191,55.0831592143752,73.8695121951219,62.8324851864761,67.0244406196213,66.1580198019802,64.1634334763948,56.3592689295039,40.9724388032638,40.1027060524685,46.4347188264058,30.5876993166287,44.3356999330207,48.7544886550476,45.9888118147236,34.3694352159468,53.0316702819956,44.7344727846436,51.0742130365659,49.6008337675872,38.3259416897212,40.9904761904761,49.3457597173144,47.2366972477064,44.8031695721077,45.0252818991097,33.4549553050913,36.7835069075451,39.8426688632619,33.3482786228983,39.6147333418595,36.7726739739994,48.4460056657223,48.7565525383707,46.2464239271781,42.102812295618,40.5526127415891,39.3694419030192,34.8260968516879,39.6810033198081,35.1514902363823,38.5980153649167,32.7418306244653,34.3837652201061,40.3619301164725,41.6420950533462,42.8758813086482,32.7521856556967,38.1879211697393,37.1651728553137,41.2420047732696,37.7452837573385,40.2429115531104,43.212808988764,37.0240052614271,37.9077488064634,39.5716336006753,44.801917629113,35.9941841680129,43.2698339635048,48.4051282051282,40.0028492647058,51.1438943894389,48.5876255949233,44.1415599534342,39.9736363636363,45.9295220243673,40.254294830887
4,72.8756756756756,71.904,55.2448598130841,59.2615384615384,71.904,64.2911660777385,70.9578947368421,58.1508196721311,59.0181818181818,61.2818181818181,59.3032258064516,52.1883870967741,48.3602905569007,45.7847866419295,43.4980392156862,41.3241379310344,32.7956043956043,24.3110332749562,33.1164835164835,39.5585014409221,46.5865979381443,48.0365217391304,49.2395604395604,50.9698841698841,38.8472727272727,43.9134396355353,34.7608583690987,35.8250368188512,28.3636363636363,32.1030927835051,29.9098591549295,28.5113924050632,40.3937007874015,34.4050632911392,29.6621572212065,32.5014705882352,35.2088328075709,32.6371257485029,32.9098976109215,36.1741109530583,32.6145593869731,26.9885350318471,29.4886075949367,30.594009983361,28.450321825629,30.8600711743772,29.1667289719626,31.1771919068056,37.2799279927992,37.274363327674,34.006374501992,27.1483014447481,30.7255127153404,31.9392181588902,28.260748959778,34.8919037199124,34.2770718232044,34.8731903485254,27.7306727480045,35.0973026973026,41.8820512820512,38.9358904109588,42.4657111356119,41.4830769230769,38.7564660691421,45.7315345699831,49.1638554216867,41.3228070175438,42.8879999999999,42.8671698113207,38.0923994038748,48.2794029850746
5,64.3821428571428,67.7488372093023,55.9928571428571,63.0844950213371,72.5655172413793,62.3412103746397,62.5665943600867,56.5747572815533,58.0490872210953,51.0945652173913,56.7558620689655,48.8690391459074,44.8852638793694,36.7615384615384,34.2875576036866,35.9080291970802,28.7483253588516,14.3830985915492,27.612416311625,31.2501043841336,45.232633279483,46.0671009771986,42.6558019003743,46.4305718866916,34.1031390134529,37.4649577628895,32.8366576819407,25.7832167832167,24.1591150938112,24.8786086956521,20.5937972768532,25.0813186813186,27.6181818181818,23.8423087699635,24.3200836820083,30.2144329896907,25.6941176470588,23.9068820224719,24.257740585774,26.6858502449265,27.7987146178039,25.5534700315457,25.2135873472322,23.2441696113074,25.2277724204435,19.7528960223307,22.1350318471337,21.1344510861641,28.2689506070181,34.1512048192771,26.2936194240542,23.416472545757,29.1055799797091,25.4930708065126,24.5282358581016,29.3532046332046,27.8162014444661,33.3056074766355,27.2786840766491,30.3988449321397,37.7755871650678,32.4763018454229,35.4032388663967,38.0660869565217,36.2796019900497,41.1130746268656,42.5172413793103,39.1335350756533,41.0794924273434,39.4374193548387,39.0683813747228,44.6214969048958
6,61.3384615384615,66.4499999999999,57.2264150943396,63.1603960396039,67.7508196721311,60.5620253164556,56.9571428571428,54.9931034482758,56.9571428571428,53.9027027027026,56.1549295774647,49.7525179856115,39.5872340425531,32.7067669172932,28.9963636363636,23.3839762611276,35.6123076923076,16.1931034482758,15.5406976744186,20.9777777777777,44.9756756756756,44.9239436619718,42.2488888888888,48.8302325581395,22.7276264591439,20.593886462882,18.2249999999999,8.97284826974267,13.2114014251781,10.680856586632,11.3539805825242,17.4055970149253,20.2668665667166,13.7994076999012,12.1175103734439,13.3864716636197,13.1236669784845,11.6773869346733,19.896644295302,17.6571428571428,21.6330612244897,23.8364418938307,19.4780352177942,16.9165654813529,19.4843423799582,16.9873485868102,14.9165446559297,16.7081632653061,19.8971722365038,21.7900452488687,18.0844660194174,22.6257763975155,23.2600431965442,21.4869109947643,22.0091603053435,24.2953846153846,25.6765399737876,28.3905686546463,21.562213740458,20.0527659574468,29.3277777777777,23.995847750865,30.3851612903225,29.8818897637795,35.9265306122448,35.8485436893203,34.2816568047337,29.8642972536349,33.2249999999999,38.1133105802047,33.7619047619047,33.9417130144605
7,62.0756756756756,67.8857142857142,51.5050847457627,60.552808988764,67.4162790697674,53.8548944337811,58.393220338983,53.3748502994011,55.68,53.4380487804877,59.5833679833679,49.7974025974025,43.0682142857142,41.3427561837455,35.2,28.8214797136038,19.1403409090909,15.2011743981209,25.8693310165073,35.451282051282,46.7876075731497,45.5421292083712,40.4015515903801,29.1412844036697,32.8,21.837679558011,28.1589840583626,13.8943894389438,15.6364356435643,13.6694915254237,14.1830395426393,19.7260408163265,17.5023661270236,13.626312707398,13.3142857142857,13.8003807106598,20.9732190363582,12.6269920611584,18.4280881599179,17.4525533290239,23.180712609345,20.2242343541944,18.1861248761149,14.0979155531801,20.022774659182,14.9194957226474,17.7377586206896,15.3483304042179,18.1227494136749,17.0147066631271,22.0930208058993,21.0881546572935,25.2343530732528,22.3590933052187,20.8638565022421,19.4708283313325,22.6670797831138,26.4630278063851,22.2273326015367,24.5542168674698,25.1389265885256,21.258855585831,34.7628006413682,35.7410276679841,36.356555993247,40.9220930232558,40.2695053224796,31.849141030763,42.917277486911,43.7717868338557,40.1255244755244,39.7222293401665
8,73.2680597014925,64.3946144430844,49.4129729729729,62.9104147465437,67.6507614213197,58.3443504996156,44.8144329896907,55.1478507321681,54.4475247524752,54.0660287081339,56.5135922330097,51.727972027972,46.1131412508784,49.5336793225894,40.3840749414519,45.4016129032258,33.8596693026599,40.3519885345754,48.2009478672985,49.0705394190871,66.7156626506024,49.6049366677492,50.390261496844,57.7363777893098,32.2295999999999,43.7368983957219,42.0003767069533,40.3740422204847,24.2380691543991,19.6608263329333,21.0972339146121,18.0605441055234,19.6324508966695,16.5236664162284,19.0996950672645,14.118943253169,17.97385976855,12.3445068163592,17.220758385999,19.0671640153592,24.0781413612565,20.7109829922167,17.2999206978588,15.7314352843618,18.802830856334,15.8357106382978,14.5857694930666,15.4138869207878,16.7824165915238,21.492812690665,21.502155218176,19.6244473342002,26.595440844009,26.4692206076618,19.8114809960681,18.7392082616179,20.8783165916175,28.4308645618176,24.0193606755126,22.6336224489795,27.0115898959881,29.4713384257721,38.1712305025996,40.887186574531,46.9207081545064,44.4683628318584,43.1404471914197,33.3377553261585,47.1617715617715,45.5518314099347,42.4951364919987,45.5373705857325
9,75.7333333333333,63.5294117647058,56.1758241758241,56.7999999999999,55.7672727272727,54.5279999999999,53.8105263157894,43.5063829787233,47.0068965517241,47.3333333333333,47.0068965517241,47.553488372093,37.6673684210526,47.6766839378238,45.1058823529411,46.8274809160305,44.4521739130434,47.0068965517241,56.1758241758241,49.2722891566264,50.6138613861386,49.3491891891891,50.6754098360655,43.5063829787234,45.4399999999999,44.4461538461538,42.1942857142857,47.0842105263157,24.1132075471698,34.8051063829787,21.080412371134,20.9082089552238,29.6347826086956,19.6994219653179,18.6739726027397,14.8893203883495,19.7883870967741,18.8565055762081,18.7252747252747,20.8094594594594,24.1858064516128,24.1783783783783,20.4794701986754,14.1721030042918,20.5434190620272,18.7941176470588,14.1303964757709,17.8,16.9592417061611,24.8601398601398,23.9053627760252,20.802332361516,25.0592833876221,26.0136,26.1483375959079,24.8379888268156,25.3487603305785,25.5599999999999,32.7382165605095,28.3393939393939,32.4968215158924,35.1038626609442,30.6248847926267,50.2819672131147,50.697520661157,38.6854054054054,40.4338983050847,26.3357142857142,44.9855999999999,44.4521739130434,42.160824742268,40.5484419263456
10,65.8121405750798,67.2053571428571,59.3618104667609,61.3976470588235,59.1109859154929,50.1926053310404,59.2232142857142,39.7249489587586,44.8661008487269,40.1638554216867,29.7649278579356,42.2201005025125,31.9775898520084,44.6932279909706,46.9633967789165,46.1341317365269,42.8140206185567,41.4156665139716,54.6037831021437,49.0360248447205,51.0155756207674,49.2971751412429,45.4428191489361,47.1661417322834,48.0313231323132,41.2575235109717,41.8866184448462,47.6197674418604,31.9688753799392,31.3665192083818,27.2197161290322,24.5875673435557,25.186329113924,22.7462493254182,16.9016828350821,14.2864879600181,17.4258987436248,23.0207956600361,18.0452136621228,18.846075949367,21.186064379388,20.4740852281282,15.6702762430939,18.1313044488326,18.1436644334401,16.2066176470588,18.2869746439736,15.1749133312322,16.6433157642549,20.6114111498257,20.886577652846,19.6873495587055,17.2824422029813,25.2211818879508,22.9117862371888,22.4991658943466,24.021485836451,27.2226548672566,32.9691230959242,30.3209031575233,35.3218890285509,34.7044671824307,32.6549575070821,48.975236380009,46.2594634873323,37.9937897683889,40.5832407631006,35.8738582677165,40.0357615894039,43.1815668202765,40.9767530487804,38.337601559961
11,75.4717273431448,72.7264735264735,73.3882352941176,73.6168905950096,64.3792207792207,60.9822099447513,55.1096907216494,50.3083083628439,52.0289409559512,44.6028409090909,24.2848163501397,38.9449517120281,35.5635573040687,35.7096701367114,31.8346776754525,25.3004537205081,35.3803977272727,11.7876783004552,31.1656873032528,23.4135400045589,27.976127093173,28.8383201083801,23.7425542655224,29.0902646030953,27.037176264889,22.4800850323702,30.0932307692307,32.6395556069899,25.9773778920308,31.2172400756143,27.9739644970414,29.9171201339472,25.9101633656209,25.7899199745614,23.8268415741675,16.9822247757104,24.1999494119134,24.3342188278266,18.8316867469879,17.3615508412582,17.663904752686,23.572422936692,18.6005842259006,22.1294841975646,18.7851756428677,16.2716077537058,18.6000226920313,15.3249051135187,15.4040452519712,18.4195099183197,19.1682526136121,17.3266919000756,16.8289247763702,22.0212954497503,29.0485922330097,24.1916300212461,29.4373681077863,27.4642758620689,34.6335696134813,35.2822797466948,34.7932067202337,34.0192345436702,29.0657889148439,34.5356594323873,37.1751091703056,38.2280412371134,37.9442006269592,35.0928108971664,32.2441638075771,33.1815134255492,34.8974110572908,37.5131858138829
12,72.2942779291553,72.1584352078239,73.0910547396528,72.6381818181818,52.4626836434867,56.7586349534643,43.8029164825452,54.669300911854,47.2971428571428,45.1784986098239,38.8203821656051,33.2831345826235,38.2126171143035,24.322343994632,19.4157221206581,15.7389920424403,21.5868525896414,14.1693327441449,13.9805504587155,13.4955320526656,12.9378628251988,11.1752092467118,12.310657957623,13.3570002697599,12.5317696335078,18.7156572003015,13.83177898997,16.6242586085734,14.5352023274266,18.339461883408,16.1894642053129,17.0571886691608,15.4893645044451,18.4375413546926,11.9126081019572,14.228819516229,13.1909117390037,24.0037336652146,20.3426324893851,19.7163542082169,15.5520809898762,20.2246404974737,18.2934568051663,10.6070322104745,20.2166383701188,19.1499451152579,18.233524302347,10.9018615040953,10.1053433352567,16.0461490294301,16.9151693290734,16.3122427199268,19.2524292965917,16.5189832341806,22.8145208131655,23.1928373758749,17.1571360381861,29.061646234676,27.2155234657039,27.8940890294332,28.8518408551068,29.4675,29.8060491493383,31.4189523248969,27.6883077390907,35.942746615087,30.631243972999,25.0698100251773,27.1981359472923,27.5721077654516,29.0053404166084,41.3221698113207
13,74.0571428571428,69.1448275862068,71.503448275862,64.7999999999999,61.8985074626865,48.9056603773584,44.8266666666666,56.3887850467289,47.52,39.4434782608695,34.2,28.4301369863013,40.3370078740157,29.1235955056179,15.78,18.7559999999999,19.195256916996,11.0799999999999,10.3380530973451,12.9644628099173,12.0609137055837,9.06716417910447,9.81387559808612,11.523044397463,10.64,17.0062499999999,10.8920716112531,14.3403973509933,14.58,15.3248407643312,18.45,14.9142857142857,13.1177142857142,13.9888579387186,10.378125,18.035294117647,9.49090909090909,18.1894736842105,20.7316159250585,18.4122503328894,19.1598784194528,17.6095693779904,18.9615635179153,15.4325153374233,25.1462686567164,19.5730205278592,21.2082901554404,16.9216589861751,14.8246913580246,13.9468531468531,19.4543046357615,18.4047337278106,19.6578151260504,15.5386046511627,22.5626086956521,25.6,13.825466893039,34.6960629921259,29.0507462686567,28.2118309859154,29.5594520547945,32.8741463414634,34.1052631578947,31.5776649746192,31.5107913669064,32.2315789473684,28.0642335766423,23.4371681415929,28.2023715415019,30.9528239202657,24.2796992481202,39.5389830508474
14,73.1625403659849,66.2715763342987,57.3183499288762,35.5317152986092,52.7070110701107,42.4349177330895,50.4996520088579,57.0975181936928,37.1125433255269,33.0397640850535,30.9005569509664,28.0620425029516,37.5934426229508,35.454131054131,21.0555335667529,19.1113137372525,11.0110509448557,13.9223408727823,10.5170315131104,11.0650377138,10.3739371929074,7.79249264561678,9.71936153352703,8.71068109679146,10.8098874468199,10.8006780938029,9.58517803724789,9.70907589623615,12.2029488291413,12.5568195166026,11.6920163030448,11.9969570405727,12.3568629311571,13.7266379438419,10.9510022271714,17.1545265245413,9.33565604151223,13.9728047358507,17.8951659871869,19.2536098923015,18.8639662183296,17.638479453677,17.8208670899934,16.885495052837,20.3744771863117,17.2866206285313,18.2831765148663,20.1934309457855,15.7334324123488,16.4022650056625,17.7837461809635,17.5812571756601,19.9166069100391,15.1058673901984,19.1626495347806,25.4724522866402,16.9083738210917,30.6341697107611,32.0364023318219,32.1849025069637,29.2943293498823,30.9250829675623,30.9465821841222,32.8256463288521,31.7557753669432,30.5742160964804,31.4938415427246,24.8264804389652,22.6938655070663,26.7564710324285,27.105006815084,31.1314686336084
15,75.2428571428571,71.1767918088737,63.6113207547169,64.4565137614678,63.013953488372,47.3737704918032,59.0882352941176,62.7293666026871,32.9807536592961,27.6436459246275,29.1738375697458,15.2241143567433,25.0423750533959,25.225133814289,23.4124962269846,21.2490706319702,13.4042817679558,18.0115169288189,14.9265774378585,10.1013567438148,13.4658707865168,10.0341335142929,13.2696986301369,12.0672839506172,11.3705098759761,9.52158392665561,11.7805545805545,9.92907348242811,10.3149529747437,10.7803009575923,12.8826606393283,13.1496044872716,11.0882822002973,11.732311144353,10.1145354281552,9.09747012595543,10.6531637717121,14.9211155378486,18.6570954907161,17.601994648504,18.6445926166856,14.1004151017987,17.4200621504039,19.5998779929845,17.0563643341435,14.3531302740496,19.8604821037253,18.6802123552123,17.1156308028399,17.2288349846258,15.3003542842146,13.3743228983468,17.2849734325185,16.6952917958838,19.9933174224343,23.2326931165007,19.0624342463268,22.0667796610169,24.7166865963691,23.9102298332582,23.0274548119198,29.2725686873091,24.5413953488372,24.188330554894,21.1689959456236,24.2146649810366,24.2662288930581,28.2723546234509,20.1610352264557,22.5142412451361,24.1086770285154,26.1042056074766
16,76.7999999999999,67.5333333333333,62.0307692307692,64.512,64.5119999999999,51.1919999999999,59.0048780487804,63.3029702970297,31.9367647058823,29.3236363636363,23.2,15.5263803680981,25.0046511627906,23.3047058823529,35.2799999999999,18.594495412844,25.0491017964071,23.5786259541984,15.5575562700964,9.89493433395872,40.32,11.6222841225626,19.9565217391304,9.22995594713656,9.99350649350649,13.090909090909,12.7826086956521,8.4087912087912,9.17313974591651,8.60869565217391,16.2955414012738,7.54405594405594,10.7705722070844,10.3160655737704,10.502411021814,17.7882352941176,9.16046511627907,12.7979381443298,12.7314285714285,12.5187096774193,15.7079999999999,14.2564593301435,13.1472,19.4298387096774,11.1917775090689,10.9073327961321,26.1090909090909,14.7550834597875,16.526037735849,18.7408695652173,15.2597014925373,11.9106382978723,20.16,17.5085889570552,16.2376963350785,19.039226519337,9.17591312931885,19.0285714285714,21.1984063745019,20.9172413793103,22.48,26.9503448275862,19.8631051752921,20.7315789473684,22.4820826952526,20.4566775244299,19.1876923076923,27.0407766990291,19.0021413276231,20.8182054616384,21.7466893039049,23.1724137931034
17,75.18509895227,70.598510494245,65.1041711229946,64.0147308781869,65.5022421524663,58.8871583676525,59.8442256042972,60.6235023041474,36.1192052980132,38.2274273412271,32.3060869565217,24.4021245774987,24.1475152571926,29.2533687515092,43.0656205420827,28.277221952404,37.4520710059171,33.3843818849449,20.6809590973201,13.2925841414717,14.1722363847045,10.9932025792584,16.287515961104,7.53244047619047,10.1618606375092,10.3649984128663,11.5927707493396,9.08418244865297,8.66082944879619,10.0265546218487,12.1767207725498,11.7043249108665,9.98691473124046,11.1201756136499,14.2530928786852,10.5565310492505,10.1413355874894,11.13693843594,17.7051258640928,15.0633209062231,15.1807098996555,13.0430372492836,14.9699780491923,16.11484596839,12.7978815599422,13.9640487190256,17.5393270821842,14.2629312776158,15.3888840910492,17.7296588464296,15.528390596745,13.9894736842105,17.1794057609435,18.8479265694148,15.8933333333333,18.4280278019113,15.0060251600088,16.1749999999999,23.3760747455647,25.4885987525987,26.8050221565731,30.6931448386236,25.4785263157894,24.0935704514363,22.4717306333882,21.2183009191083,22.0208418367346,27.457939242092,21.5127338021846,19.1394598825831,23.9227147552633,23.2219907655964
18,75.825,73.7210408921933,68.5993355481727,63.5070422535211,63.0282722513088,60.4544011045909,58.1347237880496,58.4953475014359,51.2029739776951,52.2375979112271,50.6380376821898,43.8257313263277,42.9820945945945,53.987,53.7369279886484,56.3645195353748,47.8479397430217,53.2439692044482,45.700033411293,28.9137145141943,16.7960556489833,14.1678845563401,11.5380564263322,11.4965523097826,9.61915016343011,12.5164285714285,9.64943640897755,9.43170583714251,10.6664647993943,10.3805073020753,10.9339585304998,10.2511637850404,12.3755642343268,11.1940501212611,10.0608932947204,12.6951851851851,8.08674627396367,14.3077642170864,15.4400522902106,17.673039060019,16.0362013389536,15.2779858299595,13.8811566465571,16.4857383131338,14.9195914198161,13.920545363853,15.9384540117416,13.1105038856856,19.4253245274424,14.5063877715205,15.6260612043435,16.5601497504159,15.5914126826744,15.3651307236747,17.3193944858349,18.5646646286639,21.6773359451518,17.2319777955338,23.7184607783938,32.4930032292787,43.0539996806642,45.9561305271287,40.774506828528,33.8029723991507,28.0873922667545,25.0094825451844,30.2285658268797,37.3940700808625,32.8152002904514,22.8042618544826,28.9876,39.0194635059263
19,75.5999999999999,67.0649006622516,64.8106194690265,63.2823529411764,59.215748031496,52.4957620817843,54.7213055303717,50.0738675958188,45.8926658905704,46.1974895397489,48.9909836065573,48.6564102564102,49.3016241299303,53.2627397260274,52.6025706940874,51.1151020408163,45.4415940224159,48.4427807486631,50.192789373814,47.7044334975369,47.8961538461538,13.6925947521865,17.0039371500812,14.4248936170212,11.5862284820031,8.80075187969924,12.1575078753937,10.0011899876897,10.3989756722151,10.0321816628006,11.9655614377263,12.1706075119737,14.1300821489111,13.9862545215389,14.6753875236294,9.30446305788223,12.6045519516217,11.0045618247298,18.4720964422228,24.8997957794417,18.9279957999737,22.0890868596881,19.173052763819,22.5621145374449,16.1814002897151,18.9463322647557,19.6099972074839,18.8022616494443,24.298875,16.2611320754716,20.3439929015084,20.6248747913188,17.0159999999999,17.8343523479357,19.4621523579201,24.1742631200575,29.8179884393063,23.0092125847383,28.2665337056242,43.8875444839857,41.5092436974789,39.2504690431519,43.5008828722778,38.6271155595996,38.1636287274254,33.1554833468724,40.5927272727272,37.1469462169553,43.6998963730569,34.8060881174899,36.4214559386973,50.85
20,74.2593103448275,65.0753541076487,62.7848396501457,55.4762589928057,53.9005524861878,50.5159731543624,52.6394004282655,51.3113924050633,46.0558441558441,41.9758389261744,43.7809402795425,44.9026275115919,45.9655976676384,48.5596884128529,36.7206766917293,49.9491053677932,42.6587112171837,48.0268656716417,43.9163922691481,41.4624277456647,46.6998675496688,24.9978723404255,13.3751753912574,14.4786477435815,13.8434607645875,9.56143820224719,11.7805970149253,9.60784750243495,8.37916421424367,10.7455791879064,13.7601958384332,15.2849220103986,13.1601579325197,14.1717518532969,14.442786615469,9.1693871623584,12.4804363636363,12.9159614578969,16.1746478873239,25.5523884103367,17.3148837209302,22.3334773218142,15.6715893741557,23.2218063466232,19.1296629683902,18.0274066797642,11.1879647041805,21.9370629370629,21.9461538461538,14.6511785781633,17.119298245614,23.6357699443413,19.9135656836461,16.7341312422616,17.6802653399668,24.9933455210237,29.218727139722,29.3019441069258,26.2878286270691,42.6324840764331,39.9598154792414,43.4214511041009,41.1765395894428,39.321081081081,37.7555721765145,37.7805288461538,41.0261446582614,38.6667928098391,40.9942857142857,39.1562181818181,28.65,50.2604914933837
21,73.4014285714285,66.5610389610389,59.9509167842031,68.3088607594936,55.0036117381489,53.4464891041162,43.1003610108303,47.7155172413793,44.509306930693,40.5067873303167,40.3250659630606,42.0787401574803,42.9763188745603,41.8880128720836,49.3909489051094,50.749843260188,42.229213483146,44.5649782923299,44.7312729177579,48.7616766467065,44.6189999999999,35.3308755760368,20.6293146573286,15.492561983471,24.0071428571428,9.23106546854942,14.1482517482517,13.8419452887538,11.0949579831932,11.1418773356781,12.5586858685868,16.4131241084165,17.2796805678793,17.3742207245155,17.2921348314606,11.6966948746607,17.0595065312046,15.9409039118875,23.4508695652173,27.7874011133899,17.1514487079091,20.2367689822293,16.7642679900744,21.024,22.0674671879363,20.6380406001765,15.4207939508506,21.0128571428571,24.7375314861461,19.9949496942197,17.3321232587589,21.0514419329696,15.0931009787538,18.875453105754,18.3540372670807,24.2846858638743,30.4979381443299,27.9208768799388,27.1722149410222,39.9292587776332,38.6829403606102,41.4041618497109,40.9345388788426,40.425176708179,40.5295326483261,41.9494130202774,31.3350825222175,37.6012185833968,40.1128767123287,39.2561091716915,41.42025148908,52.0130825838102
22,69.2586206896551,64.7455919395465,59.2297994269341,55.2991023339317,50.6167650531287,51.0932952924393,40.165943877551,46.7306506849315,44.1496618013527,35.6337005832793,43.3142601698703,39.6945186549977,40.7840579710144,31.8541162227602,45.6405517241379,48.8787212787212,41.9950181629475,40.9993079584775,43.1631578947368,42.9364440868865,29.6407094594594,34.5356854838709,26.6618268847227,18.0952320608268,25.754693877551,9.52239553683251,13.7335799658508,15.7266514806378,15.8144439885104,14.0391747325522,16.9782674772036,19.457484595868,19.423872679045,21.3636083269082,19.220426344257,10.6999310249689,11.8009560229445,12.8638771824202,20.6713664454108,25.5982863874906,19.4628591699184,22.7256012827365,15.5261143086601,22.1364520367936,16.1242798353909,21.738101109741,16.5701769529564,16.7938422065426,25.5177343964806,17.7889897361947,18.6695874210455,22.6619967503159,20.4862948872599,20.6205011389521,21.1149601471489,22.007451312447,31.9639850825785,33.5117008443908,25.2889359449444,38.2394957983193,35.4948837209302,37.5175215845606,41.7569620253164,42.4704593639576,40.8364974815962,40.069785183698,35.1050365906155,34.1492481203007,36.3471242145964,40.2954980503367,36.5950500883912,51.287595712098
23,62.167612687813,60.0384839650145,61.0946070878274,50.4662930344275,49.3518453427065,50.3202625102543,44.9536633663366,39.3455257489719,43.2678845020624,32.8424002874595,35.1367021276595,37.9191176470588,35.820142743854,36.0436559622726,34.9312499999999,28.4197183098591,25.6645788336933,32.4,28.7146462715105,29.2170994806232,28.922124772464,21.6536170212765,27.7013320647002,21.712420606916,18.232967032967,15.6305422353375,16.489000591366,17.6083289953149,12.0687280393534,15.6653502390355,17.9285537087571,23.5176779543883,21.3916685431209,28.5809210526315,24.7621486223211,20.4319415448851,20.484375,19.5539246174897,22.5031827111984,25.8533047634745,21.943268365817,24.5936099889827,17.6342424242424,25.4780996523754,22.8371164150024,21.753223346735,21.6344271516969,25.9759272218334,26.7977737509707,18.8139346382685,14.1758595268413,28.014281098546,23.7171641791044,19.6873857404021,27.4557996808641,27.4865934065934,39.1374732334047,37.547360631475,20.8013845185651,31.0087282645755,33.6816915936049,36.2427835051546,39.2161052421766,38.1169392383908,36.0029805436732,32.996774981676,35.5339606501283,31.2198049512378,34.6296324951644,35.4740768370011,39.5269282814614,54.0350081037277
24,60.2508313539192,56.5283505154639,52.3330049261083,49.7835616438356,47.8261008807045,47.8643478260869,40.4012861736334,34.9603028664142,30.8219594594594,27.1586051743532,29.1193060996082,27.8279999999999,29.6143348623853,25.19140625,24.6903370786516,20.9221518987341,22.5122587968217,20.2489012905476,19.4522399999999,19.0812761843377,17.574439114962,15.9384895359417,20.637100949094,17.9602798708288,22.4148372445117,15.970303605313,9.19855803893294,16.5329129886506,11.6181336473358,15.5564577518396,13.9511849301195,15.7790402647545,17.5599999999999,19.8920355879515,18.9785876993166,19.8169900367068,13.7556901915834,16.7047303228323,20.4773589114432,19.0861111111111,23.3007717750826,20.6884033613445,20.9764593301435,19.2735132369868,19.1794417709335,18.9008310249307,19.1398878504672,17.8492753623188,27.6350328947368,31.7693262032085,24.0708263069139,26.8323640960809,23.2116406408436,27.9292650334075,34.1938983050847,38.018325197146,39.9622950819672,33.3673398730525,23.1284429065743,23.1116504854368,26.4404048750258,29.2311323123273,35.9796552698502,29.471011235955,25.5252046531667,22.8936664415935,25.5181244364292,27.1843334531081,27.4989353612167,30.7162172426889,39.8219501530389,52.5874867444326
25,41.9635258358662,61.7934545454545,68.4693790149893,62.6146341463414,44.5548156956004,52.2116129032258,50.6834755624515,47.4184473481936,32.8142369575816,24.5266112861644,28.4789325842696,29.8869033047735,35.5539975990396,28.2143540669856,24.510407239819,20.685372112917,24.0057228017883,17.8336985490079,22.2052589641434,19.243536955788,19.6539007092198,15.4552509489666,21.9048705572619,15.0405479452054,22.1230627306273,15.6056833558863,31.0747474747474,19.6098791382028,14.5288239144665,14.1505418719211,14.0921557234166,14.1394614988852,19.0298982370646,21.6871406959152,23.6236410698878,23.998443074927,16.72740353172,18.0037460978147,17.76640388114,19.836348428725,24.9758902664204,20.2992666317443,19.1371652737506,18.1379499110441,19.9800786369593,20.0556450231283,21.9502320599785,19.2548025928108,27.364246395806,39.8648616833431,22.6977334542157,30.2143707820563,31.655321707757,32.9074433656957,45.2393250843644,44.3425670775924,42.0599802696481,43.1743933054393,22.7142265765144,22.3961104140526,27.6383846461415,29.1846868611782,41.0302881667688,39.5664167916042,31.6308632543926,23.5340640809443,31.3393713372402,29.4590739755189,40.3751258087706,39.3670588235294,41.6638623326959,50.3176056338028
26,49.0820705176294,52.9072273324573,49.7882640586797,56.8222222222222,48.8305177111716,52.5962920046349,44.1342918763479,46.0314426083072,33.2687355257063,34.1833131801692,35.6367491166077,27.9868557592528,41.0260495156081,43.0937780628608,21.5347150259067,27.9362416107382,19.8142657342657,17.0617395223073,15.236748828682,14.3722314049586,15.3954098360655,15.1821706975814,11.4797821886527,14.649040011725,14.1175292153589,14.5126541799908,15.1614730878186,16.8960133816559,12.9972339146121,12.0249837345478,11.6650053330747,12.515193223928,15.7172029562251,21.0483905451953,44.9573908469226,29.9468470434213,16.5653020469296,16.7600433637912,17.6218833396873,24.1986923484714,26.0862766842251,24.4935100705801,27.4659898477157,20.7506493506493,20.4453649708425,25.6660834791302,28.7857918105574,27.3465076660988,31.7226254826254,34.5592823324196,27.6164629583437,34.863083284111,36.6093806374022,41.0728439059159,41.1489433643279,40.5498591549295,38.3470588235294,44.0012658227848,39.0717587939698,28.7567307692307,34.1892682926829,45.0742564758554,45.1538461538461,45.4781709308655,41.1677130044843,41.4030218242865,35.630625,35.9521793275217,45.6721311475409,46.1414460687475,38.8591813743897,51.1509881422924
27,41.6100795755968,54.0547406082289,49.3244741873805,47.9147327249022,50.8968401486988,46.8839976667314,44.3081163859111,43.0843318843318,40.5447743925954,37.9709652509652,34.3173033707865,37.9360796740606,47.9014164305949,45.1351665785298,27.1312384473197,27.4532193334496,23.5546069755335,21.7933022467147,18.6677186963979,17.4984243964421,16.4509446254071,15.2142945672381,13.4545327632841,16.3228223711199,10.8676786548341,14.411658031088,10.5081289218482,11.7510024336539,9.22504570383912,11.0489116517285,11.4123385738349,13.5540922848847,16.1963449061463,25.798915913829,48.0500624531601,38.2008,24.0165495036222,27.6331285683312,24.8292221744735,23.0596212471131,29.6542470119521,27.5737603160048,25.4481836747323,24.6287834902244,19.8274330112561,27.9337940566689,24.1877961234745,21.4286405808793,35.3461417322834,32.7724137931034,21.8512351778656,29.1464123628425,25.899771515613,25.8305163862685,23.1043630017452,30.8561104140527,31.7490833826138,36.0920880428316,39.4457712667733,39.4583805296188,40.6346646283202,49.3012507000186,48.8239494644328,48.0361796059007,48.0212753277711,41.8422857142857,43.6994407360635,42.8801225584067,45.0007291877658,50.0664890346382,51.2023311897106,54.1060076245563
28,34.0016326530612,53.7990697674418,47.2851063829787,42.7294117647058,49.9620178041543,50.7370786516853,56.5132075471698,45.1862068965517,58.256,53.5499999999999,40.0895999999999,38.4608695652173,53.353560371517,48.0292682926829,46.4372093023255,41.5102040816326,23.2884210526315,25.4848920863309,19.8739178690344,23.0491525423728,18.2923308270676,9.74791836734693,13.8813925570228,15.5860927152317,14.1543307086614,19.7917808219178,11.05069637883,14.8302521008403,15.2549520766773,13.4687165775401,16.63182374541,26.1384388807069,26.4989189189189,31.8569832402234,50.7599999999999,47.0060240963855,52.8221635883905,49.2781395348837,49.1901030927835,24.421978021978,43.8857142857142,37.0176923076923,30.4609829488465,39.1688622754491,29.3268292682926,36.3549295774647,40.8753768844221,46.0421052631579,33.4028909329829,33.76125,25.4808917197452,33.9163323782234,28.1893193717277,20.2562674094707,20.16476426799,32.7130434782608,40.0581818181818,46.7089887640449,43.3854961832061,45.2933333333333,47.5893048128342,56.0428571428571,46.5622641509434,47.2829268292682,43.1855421686747,44.4209476309226,49.6545882352941,49.21875,52.1044897959183,50.1326259946949,53.3309734513274,54.5818181818181
29,34.348623853211,52.0904347826087,46.8,44.3733333333333,50.2243902439024,44.928,53.7599999999999,46.0682926829268,59.904,52.8564705882352,40.32,32.1749999999999,54.9119999999999,37.8412213740458,47.5428571428571,42.3050847457627,19.4493506493506,19.9421052631578,18.5669291338582,21.3042492917847,19.6659574468085,15.576059850374,16.0122699386503,14.8677966101694,13.9701492537313,18.8140703517587,20.3294117647058,14.9264150943396,15.75,9.73770491803278,17.79,30.4246753246753,33.3551020408163,30.1241379310344,49.4490566037735,45.6827586206896,47.1932773109243,45.3568281938326,45.6258064516128,26.90625,40.2499999999999,38.8584269662921,32.0803738317757,43.1999999999999,30.9137614678899,32.6579439252336,39.0,47.6942675159235,32.9311475409836,28.016129032258,25.9610451306413,33.8380165289256,29.4932166301969,21.3315789473684,20.6752293577981,31.5284210526315,41.9586206896551,45.2337662337662,40.8436363636363,45.3818181818181,50.4808988764044,52.7323943661971,47.5428571428571,46.1225806451612,45.0406015037594,45.8300518134715,49.6653061224489,46.158904109589,50.1165354330708,46.7999999999999,55.6039603960396,55.5877729257641
30,49.2346820809248,55.3575572519083,51.9942857142857,55.5574468085106,60.1646017699115,55.3981651376146,53.9112999150382,46.4431486880466,61.3671179883945,51.7183098591549,44.0040778498609,28.0730769230769,53.3851590106007,45.7243243243243,54.7722054380664,44.6066929133858,22.2627301146231,20.103314917127,14.0199004975124,17.4071428571428,17.7907356948228,14.9830334190231,21.40259222333,13.3326248671625,10.6723526593195,20.5082242990654,19.7336842105263,13.0652503793626,16.293371757925,13.7054968287526,17.4523852385238,30.8724425887265,49.4799531066822,49.1162264150943,52.7528384279476,50.5328413284132,50.8445217391304,51.6025695931477,51.3020753266717,29.7495918367346,32.424102251978,42.4371951219512,34.7404429860541,45.6714640198511,41.3237483953786,32.2968090859924,47.8092485549132,46.0681318681318,32.1007039892725,31.4458679706601,30.8385542168674,38.5025906735751,34.4883412322274,22.4632493483927,19.6623011015911,30.8187683284457,41.6920863309352,50.5536585365853,49.8382978723404,53.0365714285714,52.4977297297297,58.3570815450643,53.2575452716297,52.6945794392523,51.5038461538461,49.0997214484679,50.3574193548387,51.9887915936952,51.7947204968944,52.7262368815592,55.6068530207394,56.8430463576158
31,48.6479418886198,57.442073778664,54.0920300751879,56.4631578947368,50.6174693877551,52.4321608040201,49.1682027649769,48.6533807829181,59.781443298969,48.0761379310344,41.9155963302752,43.9900303951367,52.6336825141015,47.4239999999999,53.5163434903046,43.3165562913907,23.2682196339434,16.3898676748582,13.0720048899755,27.9364667747163,9.18611018363939,11.8064320081033,15.7864278332759,9.53047445255474,12.9224102352455,14.6688870568837,12.0280263157894,13.1126819126819,15.1576923076923,17.0196399928711,25.0187457855697,34.3877647058823,49.5288117200217,48.4338696020321,47.4518979464841,54.1298037425833,49.1521813809687,52.4238805970149,48.0005636449037,40.1640479360852,40.1081749049429,38.3717526942711,39.8558008831794,49.2023656973878,42.9476014760147,37.2456699029126,46.2832201745877,45.9739837398374,35.8323266695023,29.7632888568337,41.8350245499181,32.6817524457677,39.5394392523364,23.3306406685236,19.304555808656,27.7942431425668,39.5369894982497,48.641134751773,51.4836120401337,48.9190118152524,53.7706806282722,47.94525,50.9915569677712,48.0481927710843,51.6401028277634,46.6394052044609,47.0647058823529,57.2450063211125,46.0669387755102,49.467679558011,53.9019205002233,52.4825761932144
32,77.7497630331753,64.645871559633,61.0994413407821,67.5111111111111,66.5831775700934,71.2938461538461,62.2439367311071,57.2607329842931,63.9194805194805,50.1182608695652,47.43,54.8709677419354,61.6663967611335,60.3836431226765,60.7798627002288,47.2433497536945,35.2588235294117,12.728476821192,16.7699823425544,16.7108379888268,21.8009603841536,10.9422310756972,7.62703448275862,7.8652309829802,10.4252981568485,12.0621072088724,9.50855499640546,12.4543209876543,24.463070539419,36.5123425692695,36.2554419723391,44.8229508196721,61.3991489361702,54.1334745762711,61.0222222222222,58.0554391619661,53.2614617940199,57.9943661971831,50.3630498533724,53.9617529880478,47.6779510022271,50.2873933649289,44.4280155642023,54.9198738170347,50.7728353140916,43.6518218623481,57.094214876033,52.08,47.6643423137876,53.7623595505617,47.6115107913669,46.43738317757,46.8910751932536,34.848322147651,20.4490583371612,25.0179104477611,44.1,61.1362831858406,57.7480048367593,55.1661399548532,57.9223880597014,57.6,56.9734513274336,57.5451776649746,53.1672131147541,53.096442687747,62.8593749999999,61.9064150943396,42.2807600950118,49.0588235294117,60.3777080062794,58.6836
33,60.6755905511811,65.0383275261324,61.1265306122448,67.9969111969111,69.0635294117646,66.6329268292682,62.4796573875803,50.0962025316455,67.9469387755102,64.3199999999999,52.187456445993,55.087659574468,67.5539568345323,49.6745454545454,62.7179487179487,54.5351351351351,38.7615460852329,16.2321199143468,15.2396129032258,30.6307692307692,17.1515831663326,10.2771618625277,6.34678414096916,7.58071312803889,5.94058851004203,6.93691442848219,4.30787826462335,14.5584158415841,38.9218130311614,44.8517647058823,42.1400402414486,44.2634730538922,63.4171428571428,51.8082777036048,59.2128712871287,58.4972754793138,54.0770053475935,51.8141206675224,50.7355163727959,52.7818181818181,50.3400713436385,52.0223858615611,49.3903846153846,56.3282868525896,56.0152671755725,44.0568,57.3213483146067,48.3469879518072,47.1446153846153,50.0573493975903,47.2137931034482,46.1276033057851,47.5443609022556,45.3954825462012,16.7778260869565,16.2995610184372,42.9504201680672,58.3307262569832,59.8325581395348,56.4413173652694,51.3831325301204,58.9230769230769,59.2110497237569,59.3999999999999,56.4996805111821,52.4728606356968,56.5731958762886,60.7423728813559,54.2260869565217,37.3598650927487,57.3131602506714,58.8620060790273
34,61.8821656050955,67.5700819672131,65.9559633027523,66.278453038674,71.1496551724138,65.5830815709969,66.0177339901477,58.0867469879518,69.2880733944954,68.4301255230125,52.2161937716263,69.3916786226685,67.4112469437653,49.8505359877488,60.7642857142857,61.3109004739336,48.1694192860948,28.8061962134251,28.1731253145445,30.5796445880452,22.8472545757071,23.6779304769603,7.80339348235927,10.7694328087852,9.75567639551658,8.32196197299531,36.8007920792079,26.2798404962339,48.6253941908713,56.1636363636363,54.9832817337461,35.7800498753117,61.4482295937383,52.2725734196117,56.4588832487309,56.282251082251,51.3588516746411,53.4118067978533,55.2380952380952,51.525430210325,50.7180925666199,58.7610989010989,51.4785425101214,58.1122473246135,58.7532467532467,44.7501838235294,53.0577181208053,59.7078384798099,47.8503805726712,52.2898751733703,48.6327272727272,46.072939013178,50.4512133891213,49.6516649848637,29.7781480294777,37.399713055954,49.4903225806451,63.2046728971962,62.4975425330812,59.0281341965862,55.6547550432276,61.7214285714285,58.8247848537005,64.4427104722792,56.951121605667,56.4830850131463,58.8481751824817,57.1836734693877,52.6272069464544,51.4952192809166,60.2335403726707,55.1164476021314
35,59.2597402597402,68.85,72.1298076923076,74.4545454545454,64.9069306930693,73.2198347107437,68.8951456310679,70.3850968703427,66.9085714285714,68.0260563380281,71.6756277695716,67.4895348837209,62.949720670391,63.1895652173913,54.2900255754475,57.5701657458563,53.5499999999999,53.1142555438225,38.0142857142857,31.8765306122449,39.2693110647181,33.7084188911704,35.1269255251432,32.0538461538461,38.9172413793103,51.3945525291828,44.3230579531442,45.907780979827,55.0538641686182,58.0824742268041,57.2811072664359,37.9931937172774,60.0347174948944,46.6619934282584,54.3953106682297,61.6467718794835,54.3894762724366,53.6684431977559,54.3080357142857,54.6820512820512,55.8443181818181,55.8444255319148,48.2455598455598,55.2299531981279,56.4436363636363,54.4697022767075,54.2091954022988,54.1264544456641,49.2045577862181,48.9787234042553,50.2528359734287,52.1442020665901,55.4055972696245,54.9442622950819,48.8091428571428,49.9689149560117,51.2735582154515,64.1045454545454,60.5258777633289,63.815294117647,63.7224489795918,64.0602150537634,59.4611032531824,62.7202702702702,51.3916379734382,61.9865102639296,59.1976744186046,54.3952606635071,59.1399014778325,59.564448857994,61.6070149253731,57.8664893617021
36,61.584,64.0521865889212,64.7941966684578,57.087943984093926,66.1495268138801,65.3672559569561,69.9534545454545,68.3974175035867,66.2028985507246,61.2780185758513,70.096802646086,65.9133774834437,63.5670644391408,58.2981924767953,59.7048054919908,43.7248337028824,34.626976744186,22.7654676258992,19.4676348547717,13.3034202505926,19.7,13.945488126649,22.2539671320021,31.7519650655021,28.1772103415256,60.1863354037267,51.8776349614395,41.22756302521,56.4067567567567,56.2945644080416,62.1949555950266,47.2287179487179,59.3933216168717,44.9602050624799,51.8665320545179,57.611622276029,50.3654952076677,57.5556842867487,52.6188449848024,57.2204360559713,56.5425,50.3523966942148,50.6891477621091,44.9099347353154,51.9321148825065,51.2770061173083,57.5013698630136,49.8527724665391,46.33632,44.2067087346396,50.1451485148514,52.8071802543006,57.5783846600813,52.2342940889106,54.0119271120927,51.5453195876288,64.5843594009983,60.6396541074737,60.3420814479637,64.3480519480519,58.4045292014302,61.1081548974943,59.0883720930232,59.4687707641196,53.5951150241408,60.7016611295681,58.6085261875761,58.9010460251046,55.1337618147448,59.7315639810426,60.4862068965517,56.2552995391704
37,65.58656200226362,69.2876712328767,70.4937238493723,57.087943984093926,71.1080178173719,33.8671698113207,70.0148698884758,74.3879849812265,75.1558441558441,70.3549668874172,72.7277723258096,69.6963302752293,60.8708571428571,62.3416666666666,70.7693290734824,43.7578833693304,50.9040235525024,29.2474576271186,17.6685379903081,7.74283332516059,12.6144731273804,12.7061756897148,15.116194654966,38.2976210008203,43.2777327935222,27.250624816347255,64.2714765100671,40.5058823529411,60.1916488875342,62.9213872832369,62.9837438423645,64.4412324077595,60.5362355953905,55.5875409836065,58.9579548545009,63.9518446601941,58.1470588235294,60.5888292836857,53.1761344537815,55.1462482168331,48.482310469314,55.8756216061731,61.9665615141955,57.3082548058801,56.4145748987854,61.2408480143326,63.4351898734177,50.1381283203923,45.3671388101983,52.0821428571428,50.0959771754636,58.4181276877274,56.9619527726187,57.3469522240527,57.7470721743077,55.4017430418892,66.0080536912751,60.7553784860557,65.467793594306,66.7860139860139,62.0955445544554,65.8259204712812,62.3408713692946,60.7304347826087,55.0037735849056,59.6898560428523,57.084398976982,55.35216,56.6846231155778,63.7394564198687,61.1354702657106,62.5982932505818
38,65.58656200226362,12.2028653295128,60.426667529699735,19.4976,44.6648936170212,21.6540636042402,40.7688311688311,76.1625,26.0341463414634,45.87853126900068,44.55636041380077,41.142072423754236,41.57995038167388,38.783521459325236,22.4626728110599,16.968078175895698,40.7184466019417,49.8451456310679,48.176,43.7165919282511,27.5973273942093,32.6973913043478,34.5551839464882,23.5441130298273,28.5609375,38.1806788511749,43.2,53.8607734806629,41.2382252559727,33.2070652173913,50.6129390018484,65.4498985801217,54.9863636363636,51.3094736842105,51.7676320272572,50.4273417721518,56.4190854870775,56.6542372881355,46.6708965517241,52.3723636363636,45.8331428571428,54.4341176470588,49.6945244956772,54.6113207547169,45.8006309148265,55.4411392405063,29.5125,36.3140186915887,41.1181946403385,39.06941362916,33.7136326530612,50.6724637681159,36.5538461538461,51.4214285714285,52.8055491329479,52.4065573770491,49.9151515151515,52.2,58.6323529411764,56.8996108949416,59.9430508474576,46.0536585365853,55.8613636363636,45.6703812316715,47.5882845188284,48.0409556313993,57.3458823529411,42.0994818652849,50.5806691449814,43.344966442953,52.4121807465618,62.8218947368421
39,65.58656200226362,9.86519337016574,9.36,9.77191650853889,14.2429184549356,20.8179591836734,46.3398496240601,11.0439952437574,7.29344089793055,6.90479233226837,44.55636041380077,9.62621848739495,14.6329594477998,9.65512934879571,9.00289855072463,29.2474664356864,41.2312915129151,47.0669962917181,48.6177997527812,48.2897695852534,40.2328125,36.359169550173,36.9125193199381,31.2560171306209,28.4912863070539,40.8508474576271,41.0616541353383,53.9246073298429,55.9695743196092,43.1517482517482,55.3780509218612,64.5888461538461,54.1613207547169,56.8238961038961,52.2448087431694,51.8437581557198,54.8331210191082,55.1360946745562,48.304213483146,52.4882935352358,47.7186721991701,53.2836377769141,46.7278745644599,54.252,46.923311132255,50.6071294559099,25.2369342184671,32.7783863804589,33.5937727036844,35.6090637024369,33.8790591805766,49.1987584066218,50.1718032786885,45.8321860465116,54.8999999999999,49.9763033175355,54.432154340836,53.7626086956521,55.1828571428571,55.8027863777089,55.0304347826087,44.1375,58.2371681415929,47.0384105960264,45.3726872246696,49.7261382799325,52.8184615384615,49.771343283582,50.4892561983471,43.3268805891635,55.4223214285714,59.6865764828303
40,65.58656200226362,12.2151338766007,60.426667529699735,18.4406072106261,9.17538461538461,8.61698301698301,6.40975609756097,8.298,7.09188367230564,6.54736842105263,44.55636041380077,41.142072423754236,8.45864661654135,8.65858695652173,5.01634055265123,22.3626035502958,27.5059907834101,36.8065136935603,40.0593719008264,39.5611295681063,33.60177646188,33.94660944206,19.7347073371805,23.1684793226961,37.1902834008097,46.178417266187,27.876693448295395,26.90400084000049,53.1550632911392,45.5261261261261,44.1794500723589,36.0455941794664,40.7687782805429,38.803738317757,48.6254957507082,46.1517707918822,41.5371007371007,49.7896193771626,49.1236363636363,46.3559728067335,40.8159862483884,46.6929699597398,44.2901525658807,54.2917784256559,45.6791104050833,38.9410071942446,22.7604928297313,35.100214234706,46.9502935420743,40.6812456747404,47.6063730084348,42.875664893617,50.1036585365853,52.004172876304,48.6343276283618,54.6979978925184,51.8090241343126,54.4412109375,46.5165687426557,51.566550522648,47.3963054187192,38.9705597788528,52.5058988764044,45.8549156174658,43.8517894736842,47.631976744186,36.4393846153846,40.812474012474,40.1333333333333,47.3435215946843,54.967868852459,54.134945586457
41,65.58656200226362,65.756214511041,67.3604863221884,27.3397379912663,42.2269141531322,14.6003305785123,7.81615700593336,7.48146797355824,7.24951584507042,8.1344537815126,7.46551426101987,10.0149720670391,7.54857014185994,5.9239312039312,6.51929622980251,8.66189805688538,17.206754116662,22.0106488011283,20.1557251908396,19.4622703721149,17.5680918953414,16.8258391386953,19.4302325581395,18.3919977136324,17.9181977082928,20.0898727172108,20.507430617726,14.6668235294117,22.6822752082734,19.5017352841102,15.5735842162952,20.2427002745195,21.9433932759968,25.4168437191983,28.5977453335797,27.7608884401817,27.8347393364928,26.6428049671292,29.9135489152681,34.4698001480384,28.2707284768211,28.3142528206308,31.722569239835,30.0421843003413,30.1329537989927,26.8592003973181,26.8992935857586,24.9570179475379,33.5117647058823,27.4258480034349,28.0263786242183,29.5875405113431,28.8911196911196,32.1553914327917,38.81007389534,45.8966592427616,20.1865229110512,31.3981531776208,29.4054545454545,31.2621496984746,34.5328493647912,26.2602651379433,26.7718789407314,28.9404743687834,27.06939679026,37.0811404435058,32.6339261285909,43.0174224343675,38.2831405964698,40.2139767054908,49.659985369422,47.1446689462231
42,75.978947368421,67.9455241009946,69.1798219584569,68.7845454545454,61.462660944206,45.7683406113537,10.8,14.2685018528321,9.08181818181818,10.9024817518248,6.37459551518592,4.75783460644304,6.0807596201899,5.81322957198443,4.80350567743357,4.88762484774665,9.65760667903525,14.5307457212713,17.0671984596341,14.2048280512474,14.8601958041958,16.5646546444368,11.9014373716632,15.810447761194,15.4272897196261,21.6972791651136,30.7159663865546,13.2936403346412,14.1586253369272,17.5240917393951,16.1312789373814,16.9284077790604,17.528164556962,26.3124348473566,23.0652818991097,21.5504115226337,27.1875671688968,23.8604359925788,33.0785515320334,42.0772239747634,29.2417790530846,20.5914141954822,25.1172205438066,18.5406991799741,26.0525128776277,21.5848360655737,19.6763358778625,18.0725148238576,22.0525459688826,25.2550443686006,23.208656906429,30.8120785476102,28.8978808476609,48.8965423728813,44.8018038331454,44.060757067561,20.8979570177765,38.7999319843564,44.8959537572254,34.4572792362768,38.8519859497433,28.3271287128712,23.340628721124,20.3797965324545,26.725352112676,34.4474202441906,44.3551701134089,48.2409703504043,53.3223124701385,55.3567630057803,58.0955223880596,60.7787050359712
43,67.5760824742268,72.6689804772234,56.2274795268425,50.5767404426559,66.8628099173553,61.771104815864,62.4084887459807,52.1581034482758,62.4384,31.6146532208273,21.2439466158245,17.5588018054985,8.26770956316411,5.04712904270577,5.10637659414853,3.74608562496012,6.91623737660274,9.41902609410314,9.96746909564085,15.4256561577884,17.6108108108108,18.2167938931297,15.9377802848681,34.9745740498034,58.4668989547038,53.8672856362643,37.2761973875181,47.0259319693736,33.5778778497044,31.9485764899405,41.3568030050083,40.7159297789336,41.6605904344463,46.6994665829934,47.7828491424571,49.25651251591,53.7443435177539,49.1406606142553,47.9314891112419,48.3962587190868,45.6955752212389,39.045298013245,38.3091919086049,36.498884644767,38.8415956969968,36.1513729977116,37.8563544115827,39.4141465266354,42.584735812133,37.7975824503805,39.7320692497939,50.7933658536585,48.1007834534628,55.3125,39.5292692773516,50.2971728359079,53.015924320063,49.3394640875218,54.1160615742085,52.8358036573628,43.6093430656934,45.4430143945808,49.0662584200857,49.5820549927641,48.7866608161474,42.6335195530726,45.3538873994638,50.5735511064278,55.6973630831642,47.4121196624904,51.9638764947349,57.3634496919917
44,72.5545023696682,65.3954887218045,60.280266920877,62.9276693455798,69.2794520547945,58.2210378681626,60.5892030848329,59.0523985239852,62.1582733812949,61.3688806316767,50.9967914438502,32.3323943661971,15.1660318694131,12.5980498374864,7.98171428571428,3.73847953216374,6.05302325581395,10.0655152780413,14.570281892021,12.7901427498121,18.6545454545454,32.7943734015345,42.5259414225941,46.9779630732579,59.557281553398,56.3176070700203,44.0768756423432,52.6727348643006,50.6357246027924,43.6100534759358,57.7078179696616,53.0977398292315,53.4339171974522,43.7715029277814,44.5889468196037,49.1895853423336,49.1700499168053,48.6494474265866,47.9375510204081,50.4989690721649,46.7678868040602,45.8654784967066,53.4384507042253,31.0043930635838,41.947793030623,50.2930693069306,47.180412371134,48.7933503836317,46.4706312900274,55.1914772727272,50.5318726463539,53.5136456211812,48.8935005701254,49.9751459549624,51.1304727272727,46.7686956521739,51.179965055329,47.0460472440944,59.7431734317343,57.6087061668681,42.9002135231316,48.4958174904942,52.4680565897244,50.9456038316797,53.1213675213675,48.94036598493,43.9471074380165,49.7798483206933,49.4747743467933,56.966269165247,53.3441584158415,42.1428927680798
45,63.7212543554006,61.4281690140845,57.0248962655601,59.6720257234726,72.0795580110497,55.9808612440191,52.3464566929133,59.1018404907975,59.1859459459459,64.0227758007117,46.69453125,42.7430051813471,51.3072,34.1164948453608,10.7571128241065,4.38201459854014,4.73974683544303,8.65421903052064,12.5919,15.677628032345,37.8126888217522,45.9635928143712,51.9737335834896,55.3339805825242,59.274924471299,57.8060941828254,59.3485714285714,52.3460035523978,50.9128944995491,55.0603325415677,60.2753623188405,56.0502821959979,57.2597299444003,47.113427345187,47.4882352941176,51.8911651728553,49.0882758620689,54.0754285714285,48.0895522388059,52.1736070381231,46.6882116158711,46.7352272727272,52.5956043956043,47.2246153846153,45.5953428201811,59.0021828103683,53.1898305084745,51.4461762563729,53.8339963833634,55.4706624605678,53.3573373676248,55.9570469798657,46.0878865979381,55.7771260997067,51.9237209302325,43.7362275449101,49.7309007981756,56.0703396226415,56.2321243523316,55.7560379918588,48.901978021978,48.6513647642679,50.0446753246753,53.6156315422191,52.6736842105263,55.1898773006134,53.4718826405867,51.4960629921259,52.6074074074074,42.4161741835147,53.0771134020618,53.6558575445173
46,74.4412017167381,61.901933221385136,71.0098081023454,62.3720930232558,69.7742738589211,70.5157894736842,70.281081081081,72.6295707472178,63.9943548387096,68.5445353159851,65.2101265822784,64.6644351464435,41.57995038167388,54.9269461077844,43.0488,10.7147855917667,7.15680977891798,5.23715588583009,9.87363451014057,16.8401372212692,47.3134228187919,64.3590493601462,56.6212927756653,59.7472754050073,61.2071287128712,60.6665424044734,64.8886153846153,52.6219844357976,54.705515898767,53.7878532772098,61.9381352187361,57.182,64.7437962202136,54.9536992840095,59.3936034115138,53.9748251748251,57.5867256637168,58.8308823529411,54.6048465266558,56.1399548532731,50.9535412844036,43.4803278688524,54.676390605686,58.2084507042253,55.197695631301,58.5763707571801,59.9465587044534,53.5135135135135,51.0074664011946,54.1627322953289,55.8266237942122,55.978637510513,53.5160120845921,56.7209131675499,54.790328820116,58.5943231441048,67.0765317919075,58.8111835973905,61.4282296650717,57.9305345816973,53.6315233061028,56.4531553398058,51.3097372488408,57.3905579399141,55.82390625,56.9771543086172,62.3184466019417,53.8619318181818,53.6122340425531,58.0536238749407,60.4964169381107,62.3899581589958
